{
    "kiblast": {
      "sounds":[
        "suit/kiblast"
      ],
      "category": "player"
    },
    "instant.transmission": {
      "sounds": [
        "suit/instanttransmission"
      ],
      "category": "player"
    },
    "bright.punch": {
      "sounds": [
        "suit/brightpunch"
      ],
      "category": "player"
    },
    "kamehameha.charge": {
      "sounds": [
        "suit/kamehameha"
      ],
      "category": "player"
    },
    "kamehameha.fire": {
      "sounds": [
        "suit/kamehamehafire"
      ],
      "category": "player"
    },
    "gigantic.breath.charge": {
      "sounds": [
        "suit/giganticbreathcharge"
      ],
      "category": "player"
    },
    "gigantic.breath": {
      "sounds": [
        "suit/giganticbreath"
      ],
      "category": "player"
    },
    "transformation": {
      "sounds": [
        "suit/transformation"
      ],
      "category": "player"
    },
    "aura.loop": {
      "sounds": [
        "suit/auraloop"
      ],
      "category": "player"
    },
    "ssb.lvl.down": {
      "sounds": [
        "suit/ssblvldown"
      ],
      "category": "player"
    },
    "ss.lvl.down": {
      "sounds": [
        "suit/sslvldown"
      ],
      "category": "player"
    }
  

}