{
    "kiblast": {
      "sounds":[
        "suit/kiblast"
      ],
      "category": "player"
    },
    "instant.transmission": {
      "sounds": [
        "suit/instanttransmission"
      ],
      "category": "player"
    },
    "bright.punch": {
      "sounds": [
        "suit/brightpunch"
      ],
      "category": "player"
    },
    "kamehameha.charge": {
      "sounds": [
        "suit/kamehameha"
      ],
      "category": "player"
    },
    "kamehameha.fire": {
      "sounds": [
        "suit/kamehamehafire"
      ],
      "category": "player"
    },
    "transformation": {
      "sounds": [
        "suit/transformation"
      ],
      "category": "player"
    }

}